type_of_algo,minRF,minCS,maxOR,increment,inpfile,outfile,candidate_old,candidate_new,process_done
cmine_increment,0.065,0.5,0.6,25,../dataset/bmspos/Increment_25K.txt,./outputs/bmspos/bmspos_25_0.065_0.5_0.6_test_out.txt,1912,3758,208.53426299999998
cmine_increment,0.065,0.5,0.6,50,../dataset/bmspos/Increment_50K.txt,./outputs/bmspos/bmspos_50_0.065_0.5_0.6_test_out.txt,7896,9586,798.536539
cmine_increment,0.065,0.5,0.6,75,../dataset/bmspos/Increment_75K.txt,./outputs/bmspos/bmspos_75_0.065_0.5_0.6_test_out.txt,6031,7434,675.688574
cmine_increment,0.065,0.5,0.6,100,../dataset/bmspos/Increment_100K.txt,./outputs/bmspos/bmspos_100_0.065_0.5_0.6_test_out.txt,6563,8110,793.2648360000001
cmine_increment,0.065,0.5,0.6,125,../dataset/bmspos/Increment_125K.txt,./outputs/bmspos/bmspos_125_0.065_0.5_0.6_test_out.txt,5866,7819,775.441243
cmine_increment,0.065,0.5,0.6,150,../dataset/bmspos/Increment_150K.txt,./outputs/bmspos/bmspos_150_0.065_0.5_0.6_test_out.txt,6772,10313,1113.5252189999999
cmine_increment,0.065,0.5,0.6,175,../dataset/bmspos/Increment_175K.txt,./outputs/bmspos/bmspos_175_0.065_0.5_0.6_test_out.txt,6058,9588,1121.2533819999999
cmine_increment,0.065,0.5,0.6,200,../dataset/bmspos/Increment_200K.txt,./outputs/bmspos/bmspos_200_0.065_0.5_0.6_test_out.txt,6019,9324,1188.1188920000002
cmine_increment,0.065,0.5,0.6,225,../dataset/bmspos/Increment_225K.txt,./outputs/bmspos/bmspos_225_0.065_0.5_0.6_test_out.txt,5980,9281,1274.735388
cmine_increment,0.065,0.5,0.6,250,../dataset/bmspos/Increment_250K.txt,./outputs/bmspos/bmspos_250_0.065_0.5_0.6_test_out.txt,5781,8970,1324.778503

cmine_increment,0.065,0.5,0.1,100,../dataset/bmspos/Increment_100K.txt,./outputs/bmspos/bmspos_100_0.065_0.5_0.1_test_out.txt,26,1405,21.019662
cmine_increment,0.065,0.5,0.2,100,../dataset/bmspos/Increment_100K.txt,./outputs/bmspos/bmspos_100_0.065_0.5_0.2_test_out.txt,91,1493,27.924025
cmine_increment,0.065,0.5,0.3,100,../dataset/bmspos/Increment_100K.txt,./outputs/bmspos/bmspos_100_0.065_0.5_0.3_test_out.txt,273,1699,45.654247999999995
cmine_increment,0.065,0.5,0.4,100,../dataset/bmspos/Increment_100K.txt,./outputs/bmspos/bmspos_100_0.065_0.5_0.4_test_out.txt,784,2310,99.663905
cmine_increment,0.065,0.5,0.5,100,../dataset/bmspos/Increment_100K.txt,./outputs/bmspos/bmspos_100_0.065_0.5_0.5_test_out.txt,2348,3911,273.177672
cmine_increment,0.065,0.5,0.6,100,../dataset/bmspos/Increment_100K.txt,./outputs/bmspos/bmspos_100_0.065_0.5_0.6_test_out.txt,6563,8110,773.705533
cmine_increment,0.065,0.5,0.7,100,../dataset/bmspos/Increment_100K.txt,./outputs/bmspos/bmspos_100_0.065_0.5_0.7_test_out.txt,13962,15485,1472.80374
cmine_increment,0.065,0.5,0.8,100,../dataset/bmspos/Increment_100K.txt,./outputs/bmspos/bmspos_100_0.065_0.5_0.8_test_out.txt,20527,22030,2445.239797
cmine_increment,0.065,0.5,0.9,100,../dataset/bmspos/Increment_100K.txt,./outputs/bmspos/bmspos_100_0.065_0.5_0.9_test_out.txt,41784,43205,5469.239045

cmine_increment,0.065,0.5,0.6,100,../dataset/bmspos/Increment_100K.txt,./outputs/bmspos/bmspos_100_0.065_0.5_0.6_test_out.txt,6563,8110,772.350448
cmine_increment,0.07,0.5,0.6,100,../dataset/bmspos/Increment_100K.txt,./outputs/bmspos/bmspos_100_0.07_0.5_0.6_test_out.txt,1683,3207,227.494831
cmine_increment,0.075,0.5,0.6,100,../dataset/bmspos/Increment_100K.txt,./outputs/bmspos/bmspos_100_0.075_0.5_0.6_test_out.txt,92,1391,34.620006
cmine_increment,0.08,0.5,0.6,100,../dataset/bmspos/Increment_100K.txt,./outputs/bmspos/bmspos_100_0.08_0.5_0.6_test_out.txt,57,1359,26.026161000000002
cmine_increment,0.085,0.5,0.6,100,../dataset/bmspos/Increment_100K.txt,./outputs/bmspos/bmspos_100_0.085_0.5_0.6_test_out.txt,57,1360,26.260593
cmine_increment,0.09,0.5,0.6,100,../dataset/bmspos/Increment_100K.txt,./outputs/bmspos/bmspos_100_0.09_0.5_0.6_test_out.txt,43,1345,21.935057
cmine_increment,0.095,0.5,0.6,100,../dataset/bmspos/Increment_100K.txt,./outputs/bmspos/bmspos_100_0.095_0.5_0.6_test_out.txt,43,1346,22.151904000000002
