type_of_algo,minRF,minCS,maxOR,inpfile,outfile,data_read,patterns_checked,process_done
cmine,0.045,0.3,0.2,./../dataset/synthetic/synthetic_55K.txt,././outputs/synthetic/synthetic_0.045_0.3_0.2_synthetic_55K.txt,0.11527200000000001,7342,220.04074
cmine,0.045,0.3,0.2,./../dataset/synthetic/synthetic_60K.txt,././outputs/synthetic/synthetic_0.045_0.3_0.2_synthetic_60K.txt,0.112102,7280,239.019116
cmine,0.045,0.3,0.2,./../dataset/synthetic/synthetic_65K.txt,././outputs/synthetic/synthetic_0.045_0.3_0.2_synthetic_65K.txt,0.130191,7259,259.073592
cmine,0.045,0.3,0.2,./../dataset/synthetic/synthetic_70K.txt,././outputs/synthetic/synthetic_0.045_0.3_0.2_synthetic_70K.txt,0.155278,7333,282.867441
cmine,0.045,0.3,0.2,./../dataset/synthetic/synthetic_75K.txt,././outputs/synthetic/synthetic_0.045_0.3_0.2_synthetic_75K.txt,0.167295,7130,312.05594199999996
cmine,0.045,0.3,0.2,./../dataset/synthetic/synthetic_80K.txt,././outputs/synthetic/synthetic_0.045_0.3_0.2_synthetic_80K.txt,0.15634299999999998,8947,434.122018
cmine,0.045,0.3,0.2,./../dataset/synthetic/synthetic_85K.txt,././outputs/synthetic/synthetic_0.045_0.3_0.2_synthetic_85K.txt,0.187108,8933,458.638104
cmine,0.045,0.3,0.2,./../dataset/synthetic/synthetic_90K.txt,././outputs/synthetic/synthetic_0.045_0.3_0.2_synthetic_90K.txt,0.174334,9009,491.378586
cmine,0.045,0.3,0.2,./../dataset/synthetic/synthetic_95K.txt,././outputs/synthetic/synthetic_0.045_0.3_0.2_synthetic_95K.txt,0.187762,9047,519.7436200000001
cmine,0.045,0.3,0.2,./../dataset/synthetic/synthetic_100K.txt,././outputs/synthetic/synthetic_0.045_0.3_0.2_synthetic_100K.txt,0.216632,9038,546.812714

cmine,0.045,0.3,0.05,./../dataset/synthetic/synthetic_75K.txt,././outputs/synthetic/synthetic_0.045_0.3_0.05_synthetic_75K.txt,0.138826,1107,7.938166
cmine,0.045,0.3,0.1,./../dataset/synthetic/synthetic_75K.txt,././outputs/synthetic/synthetic_0.045_0.3_0.1_synthetic_75K.txt,0.138519,1776,35.158398000000005
cmine,0.045,0.3,0.15,./../dataset/synthetic/synthetic_75K.txt,././outputs/synthetic/synthetic_0.045_0.3_0.15_synthetic_75K.txt,0.141557,3478,116.455506
cmine,0.045,0.3,0.2,./../dataset/synthetic/synthetic_75K.txt,././outputs/synthetic/synthetic_0.045_0.3_0.2_synthetic_75K.txt,0.141121,7130,313.706741
cmine,0.045,0.3,0.25,./../dataset/synthetic/synthetic_75K.txt,././outputs/synthetic/synthetic_0.045_0.3_0.25_synthetic_75K.txt,0.142823,14054,728.387016
cmine,0.045,0.3,0.3,./../dataset/synthetic/synthetic_75K.txt,././outputs/synthetic/synthetic_0.045_0.3_0.3_synthetic_75K.txt,0.14036300000000002,25373,1463.255768

cmine,0.045,0.3,0.2,./../dataset/synthetic/synthetic_75K.txt,././outputs/synthetic/synthetic_0.045_0.3_0.2_synthetic_75K.txt,0.140548,7130,313.487884
cmine,0.0475,0.3,0.2,./../dataset/synthetic/synthetic_75K.txt,././outputs/synthetic/synthetic_0.0475_0.3_0.2_synthetic_75K.txt,0.140491,2676,84.757909
cmine,0.05,0.3,0.2,./../dataset/synthetic/synthetic_75K.txt,././outputs/synthetic/synthetic_0.05_0.3_0.2_synthetic_75K.txt,0.141539,2057,54.88015
cmine,0.0525,0.3,0.2,./../dataset/synthetic/synthetic_75K.txt,././outputs/synthetic/synthetic_0.0525_0.3_0.2_synthetic_75K.txt,0.138653,1038,7.155321
cmine,0.055,0.3,0.2,./../dataset/synthetic/synthetic_75K.txt,././outputs/synthetic/synthetic_0.055_0.3_0.2_synthetic_75K.txt,0.13761500000000002,919,2.25885
cmine,0.0575,0.3,0.2,./../dataset/synthetic/synthetic_75K.txt,././outputs/synthetic/synthetic_0.0575_0.3_0.2_synthetic_75K.txt,0.14107899999999998,919,2.254449
