type_of_algo,minRF,minCS,maxOR,increment,inpfile,outfile,candidate_old,candidate_new,process_done
cmine_increment,0.045,0.3,0.2,5,../dataset/synthetic/synthetic_increment_5K.txt,./outputs/synthetic/synthetic_5_0.045_0.3_0.2_test_out.txt,1326,3797,19.653913
cmine_increment,0.045,0.3,0.2,10,../dataset/synthetic/synthetic_increment_10K.txt,./outputs/synthetic/synthetic_10_0.045_0.3_0.2_test_out.txt,783,3518,20.738077
cmine_increment,0.045,0.3,0.2,15,../dataset/synthetic/synthetic_increment_15K.txt,./outputs/synthetic/synthetic_15_0.045_0.3_0.2_test_out.txt,1452,3950,55.495899
cmine_increment,0.045,0.3,0.2,20,../dataset/synthetic/synthetic_increment_20K.txt,./outputs/synthetic/synthetic_20_0.045_0.3_0.2_test_out.txt,1357,3920,90.046885
cmine_increment,0.045,0.3,0.2,25,../dataset/synthetic/synthetic_increment_25K.txt,./outputs/synthetic/synthetic_25_0.045_0.3_0.2_test_out.txt,801,3477,120.177585
cmine_increment,0.045,0.3,0.2,30,../dataset/synthetic/synthetic_increment_30K.txt,./outputs/synthetic/synthetic_30_0.045_0.3_0.2_test_out.txt,908,4169,157.38551
cmine_increment,0.045,0.3,0.2,35,../dataset/synthetic/synthetic_increment_35K.txt,./outputs/synthetic/synthetic_35_0.045_0.3_0.2_test_out.txt,1303,4449,180.966524
cmine_increment,0.045,0.3,0.2,40,../dataset/synthetic/synthetic_increment_40K.txt,./outputs/synthetic/synthetic_40_0.045_0.3_0.2_test_out.txt,1296,4518,216.44792299999999
cmine_increment,0.045,0.3,0.2,45,../dataset/synthetic/synthetic_increment_45K.txt,./outputs/synthetic/synthetic_45_0.045_0.3_0.2_test_out.txt,993,4281,240.216464
cmine_increment,0.045,0.3,0.2,50,../dataset/synthetic/synthetic_increment_50K.txt,./outputs/synthetic/synthetic_50_0.045_0.3_0.2_test_out.txt,980,4274,289.386475

cmine_increment,0.045,0.3,0.05,25,../dataset/synthetic/synthetic_increment_25K.txt,./outputs/synthetic/synthetic_25_0.045_0.3_0.05_test_out.txt,19,1034,3.556422
cmine_increment,0.045,0.3,0.1,25,../dataset/synthetic/synthetic_increment_25K.txt,./outputs/synthetic/synthetic_25_0.045_0.3_0.1_test_out.txt,96,1408,6.689143
cmine_increment,0.045,0.3,0.15,25,../dataset/synthetic/synthetic_increment_25K.txt,./outputs/synthetic/synthetic_25_0.045_0.3_0.15_test_out.txt,293,2142,16.063748
cmine_increment,0.045,0.3,0.2,25,../dataset/synthetic/synthetic_increment_25K.txt,./outputs/synthetic/synthetic_25_0.045_0.3_0.2_test_out.txt,801,3477,38.219005
cmine_increment,0.045,0.3,0.25,25,../dataset/synthetic/synthetic_increment_25K.txt,./outputs/synthetic/synthetic_25_0.045_0.3_0.25_test_out.txt,1572,5346,82.760391
cmine_increment,0.045,0.3,0.3,25,../dataset/synthetic/synthetic_increment_25K.txt,./outputs/synthetic/synthetic_25_0.045_0.3_0.3_test_out.txt,2707,7566,159.250607

cmine_increment,0.045,0.3,0.2,25,../dataset/synthetic/synthetic_increment_25K.txt,./outputs/synthetic/synthetic_25_0.045_0.3_0.2_test_out.txt,801,3477,37.991609
cmine_increment,0.0475,0.3,0.2,25,../dataset/synthetic/synthetic_increment_25K.txt,./outputs/synthetic/synthetic_25_0.0475_0.3_0.2_test_out.txt,496,1664,13.071919
cmine_increment,0.05,0.3,0.2,25,../dataset/synthetic/synthetic_increment_25K.txt,./outputs/synthetic/synthetic_25_0.05_0.3_0.2_test_out.txt,855,1761,12.572677
cmine_increment,0.0525,0.3,0.2,25,../dataset/synthetic/synthetic_increment_25K.txt,./outputs/synthetic/synthetic_25_0.0525_0.3_0.2_test_out.txt,15,905,2.5063000000000004
cmine_increment,0.055,0.3,0.2,25,../dataset/synthetic/synthetic_increment_25K.txt,./outputs/synthetic/synthetic_25_0.055_0.3_0.2_test_out.txt,14,878,1.905819
cmine_increment,0.0575,0.3,0.2,25,../dataset/synthetic/synthetic_increment_25K.txt,./outputs/synthetic/synthetic_25_0.0575_0.3_0.2_test_out.txt,14,878,1.833029
