type_of_algo,minRF,minCS,maxOR,increment,inpfile,outfile,candidate_old,candidate_new,process_done
cmine_increment,0.065,0.5,0.6,25,../dataset/bmspos_1L/increment_25K.txt,./outputs/bmspos/bmspos_25_0.065_0.5_0.6_test_out.txt,2403,5216,772.350448
cmine_increment,0.07,0.5,0.6,25,../dataset/bmspos_1L/increment_25K.txt,./outputs/bmspos/bmspos_25_0.07_0.5_0.6_test_out.txt,1856,4221,227.494831
cmine_increment,0.075,0.5,0.6,25,../dataset/bmspos_1L/increment_25K.txt,./outputs/bmspos/bmspos_25_0.075_0.5_0.6_test_out.txt,1856,4221,34.620006
cmine_increment,0.08,0.5,0.6,25,../dataset/bmspos_1L/increment_25K.txt,./outputs/bmspos/bmspos_25_0.08_0.5_0.6_test_out.txt,1435,3115,26.026161000000002
cmine_increment,0.085,0.5,0.6,25,../dataset/bmspos_1L/increment_25K.txt,./outputs/bmspos/bmspos_25_0.085_0.5_0.6_test_out.txt,64,1173,26.260593
cmine_increment,0.09,0.5,0.6,25,../dataset/bmspos_1L/increment_25K.txt,./outputs/bmspos/bmspos_25_0.09_0.5_0.6_test_out.txt,44,1139,21.935057
cmine_increment,0.095,0.5,0.6,25,../dataset/bmspos_1L/increment_25K.txt,./outputs/bmspos/bmspos_25_0.095_0.5_0.6_test_out.txt,44,1139,22.151904000000002
