type_of_algo,minRF,minCS,maxOR,inpfile,outfile,data_read,patterns_checked,process_done
cmine,0.065,0.5,0.6,./../dataset/bmspos/bmspos_1.25L.txt,././outputs/bmspos/bmspos_0.065_0.5_0.6_bmspos_final_1.25L.txt,0.268784,9022,1572.951274
cmine,0.07,0.5,0.6,./../dataset/bmspos/bmspos_1.25L.txt,././outputs/bmspos/bmspos_0.07_0.5_0.6_bmspos_final_1.25L.txt,0.273177,6417,539.704755
cmine,0.075,0.5,0.6,./../dataset/bmspos/bmspos_1.25L.txt,././outputs/bmspos/bmspos_0.075_0.5_0.6_bmspos_final_1.25L.txt,0.283473,6417,71.93423899999999
cmine,0.08,0.5,0.6,./../dataset/bmspos/bmspos_1.25L.txt,././outputs/bmspos/bmspos_0.08_0.5_0.6_bmspos_final_1.25L.txt,0.272888,4353,38.417935
cmine,0.085,0.5,0.6,./../dataset/bmspos/bmspos_1.25L.txt,././outputs/bmspos/bmspos_0.085_0.5_0.6_bmspos_final_1.25L.txt,0.266913,467,38.509962
cmine,0.09,0.5,0.6,./../dataset/bmspos/bmspos_1.25L.txt,././outputs/bmspos/bmspos_0.09_0.5_0.6_bmspos_final_1.25L.txt,0.270374,259,22.382563
cmine,0.095,0.5,0.6,./../dataset/bmspos/bmspos_1.25L.txt,././outputs/bmspos/bmspos_0.095_0.5_0.6_bmspos_final_1.25L.txt,0.281088,259,22.041984
