type_of_algo,minRF,minCS,maxOR,inpfile,outfile,data_read,patterns_checked,process_done
cmine,0.035,0.5,0.4,./../dataset/cabs120k08/cabs120k08_125K.txt,././outputs/cabs120k08/cabs120k08_0.035_0.5_0.4_cabs120k08_final_125K.txt,0.14971,20152,982.79806
cmine,0.04,0.5,0.4,./../dataset/cabs120k08/cabs120k08_125K.txt,././outputs/cabs120k08/cabs120k08_0.04_0.5_0.4_cabs120k08_final_125K.txt,0.150154,3250,489.365192
cmine,0.045,0.5,0.4,./../dataset/cabs120k08/cabs120k08_125K.txt,././outputs/cabs120k08/cabs120k08_0.045_0.5_0.4_cabs120k08_final_125K.txt,0.149754,861,71.035324
cmine,0.05,0.5,0.4,./../dataset/cabs120k08/cabs120k08_125K.txt,././outputs/cabs120k08/cabs120k08_0.05_0.5_0.4_cabs120k08_final_125K.txt,0.167453,861,70.545507
cmine,0.055,0.5,0.4,./../dataset/cabs120k08/cabs120k08_125K.txt,././outputs/cabs120k08/cabs120k08_0.055_0.5_0.4_cabs120k08_final_125K.txt,0.149997,218,17.754587
cmine,0.06,0.5,0.4,./../dataset/cabs120k08/cabs120k08_125K.txt,././outputs/cabs120k08/cabs120k08_0.06_0.5_0.4_cabs120k08_final_125K.txt,0.149342,110,9.169868000000001
