type_of_algo,minRF,minCS,maxOR,increment,inpfile,outfile,candidate_old,candidate_new,process_done
cmine_increment,0.035,0.5,0.4,20,../dataset/cabs120k08/Increment_20K.txt,./outputs/cabs120k08/cabs120k08_20_0.035_0.5_0.4_test_out.txt,1987,895,58.666777
cmine_increment,0.035,0.5,0.4,40,../dataset/cabs120k08/Increment_40K.txt,./outputs/cabs120k08/cabs120k08_40_0.035_0.5_0.4_test_out.txt,2973,926,107.031644
cmine_increment,0.035,0.5,0.4,60,../dataset/cabs120k08/Increment_60K.txt,./outputs/cabs120k08/cabs120k08_60_0.035_0.5_0.4_test_out.txt,3999,946,158.10666600000002
cmine_increment,0.035,0.5,0.4,80,../dataset/cabs120k08/Increment_80K.txt,./outputs/cabs120k08/cabs120k08_80_0.035_0.5_0.4_test_out.txt,5112,997,209.814044
cmine_increment,0.035,0.5,0.4,100,../dataset/cabs120k08/Increment_100K.txt,./outputs/cabs120k08/cabs120k08_100_0.035_0.5_0.4_test_out.txt,20403,10662,985.9520699999999
cmine_increment,0.035,0.5,0.4,120,../dataset/cabs120k08/Increment_120K.txt,./outputs/cabs120k08/cabs120k08_120_0.035_0.5_0.4_test_out.txt,5233,1060,314.38308300000006
cmine_increment,0.035,0.5,0.4,140,../dataset/cabs120k08/Increment_140K.txt,./outputs/cabs120k08/cabs120k08_140_0.035_0.5_0.4_test_out.txt,19904,10407,1172.149362
cmine_increment,0.035,0.5,0.4,160,../dataset/cabs120k08/Increment_160K.txt,./outputs/cabs120k08/cabs120k08_160_0.035_0.5_0.4_test_out.txt,20058,10488,1276.684195
cmine_increment,0.035,0.5,0.4,180,../dataset/cabs120k08/Increment_180K.txt,./outputs/cabs120k08/cabs120k08_180_0.035_0.5_0.4_test_out.txt,19994,10462,1366.825771
cmine_increment,0.035,0.5,0.4,200,../dataset/cabs120k08/Increment_200K.txt,./outputs/cabs120k08/cabs120k08_200_0.035_0.5_0.4_test_out.txt,19954,10444,1458.697861

cmine_increment,0.035,0.5,0.05,60,../dataset/cabs120k08/Increment_60K.txt,./outputs/cabs120k08/cabs120k08_60_0.035_0.5_0.05_test_out.txt,6,581,6.17921
cmine_increment,0.035,0.5,0.1,60,../dataset/cabs120k08/Increment_60K.txt,./outputs/cabs120k08/cabs120k08_60_0.035_0.5_0.1_test_out.txt,14,676,9.949717
cmine_increment,0.035,0.5,0.15,60,../dataset/cabs120k08/Increment_60K.txt,./outputs/cabs120k08/cabs120k08_60_0.035_0.5_0.15_test_out.txt,22,813,17.357575999999998
cmine_increment,0.035,0.5,0.2,60,../dataset/cabs120k08/Increment_60K.txt,./outputs/cabs120k08/cabs120k08_60_0.035_0.5_0.2_test_out.txt,51,953,32.488957000000006
cmine_increment,0.035,0.5,0.25,60,../dataset/cabs120k08/Increment_60K.txt,./outputs/cabs120k08/cabs120k08_60_0.035_0.5_0.25_test_out.txt,88,1082,54.403131
cmine_increment,0.035,0.5,0.3,60,../dataset/cabs120k08/Increment_60K.txt,./outputs/cabs120k08/cabs120k08_60_0.035_0.5_0.3_test_out.txt,85,1080,88.25651599999999
cmine_increment,0.035,0.5,0.35,60,../dataset/cabs120k08/Increment_60K.txt,./outputs/cabs120k08/cabs120k08_60_0.035_0.5_0.35_test_out.txt,79,1044,123.790609
cmine_increment,0.035,0.5,0.4,60,../dataset/cabs120k08/Increment_60K.txt,./outputs/cabs120k08/cabs120k08_60_0.035_0.5_0.4_test_out.txt,53,946,156.456384
cmine_increment,0.035,0.5,0.45,60,../dataset/cabs120k08/Increment_60K.txt,./outputs/cabs120k08/cabs120k08_60_0.035_0.5_0.45_test_out.txt,70,863,192.528004
cmine_increment,0.035,0.5,0.5,60,../dataset/cabs120k08/Increment_60K.txt,./outputs/cabs120k08/cabs120k08_60_0.035_0.5_0.5_test_out.txt,66,739,218.143001

cmine_increment,0.035,0.5,0.4,60,../dataset/cabs120k08/Increment_60K.txt,./outputs/cabs120k08/cabs120k08_60_0.035_0.5_0.4_test_out.txt,53,946,155.224211
cmine_increment,0.04,0.5,0.4,60,../dataset/cabs120k08/Increment_60K.txt,./outputs/cabs120k08/cabs120k08_60_0.04_0.5_0.4_test_out.txt,44,912,81.562512
cmine_increment,0.045,0.5,0.4,60,../dataset/cabs120k08/Increment_60K.txt,./outputs/cabs120k08/cabs120k08_60_0.045_0.5_0.4_test_out.txt,6,526,15.331492
cmine_increment,0.05,0.5,0.4,60,../dataset/cabs120k08/Increment_60K.txt,./outputs/cabs120k08/cabs120k08_60_0.05_0.5_0.4_test_out.txt,6,526,15.370483
cmine_increment,0.055,0.5,0.4,60,../dataset/cabs120k08/Increment_60K.txt,./outputs/cabs120k08/cabs120k08_60_0.055_0.5_0.4_test_out.txt,2,507,6.931610999999999
cmine_increment,0.06,0.5,0.4,60,../dataset/cabs120k08/Increment_60K.txt,./outputs/cabs120k08/cabs120k08_60_0.06_0.5_0.4_test_out.txt,2,508,5.523677
