type_of_algo,minRF,minCS,maxOR,increment,inpfile,outfile,candidate_old,candidate_new,process_done
cmine_increment,0.035,0.5,0.4,25,../dataset/cabs120k08/increment_25K.txt,./outputs/cabs120k08/cabs120k08_25_0.035_0.5_0.4_test_out.txt,4691,5739,155.224211
cmine_increment,0.04,0.5,0.4,25,../dataset/cabs120k08/increment_25K.txt,./outputs/cabs120k08/cabs120k08_25_0.04_0.5_0.4_test_out.txt,45,713,81.562512
cmine_increment,0.045,0.5,0.4,25,../dataset/cabs120k08/increment_25K.txt,./outputs/cabs120k08/cabs120k08_25_0.045_0.5_0.4_test_out.txt,8,479,15.331492
cmine_increment,0.05,0.5,0.4,25,../dataset/cabs120k08/increment_25K.txt,./outputs/cabs120k08/cabs120k08_25_0.05_0.5_0.4_test_out.txt,8,479,15.370483
cmine_increment,0.055,0.5,0.4,25,../dataset/cabs120k08/increment_25K.txt,./outputs/cabs120k08/cabs120k08_25_0.055_0.5_0.4_test_out.txt,1,460,6.931610999999999
cmine_increment,0.06,0.5,0.4,25,../dataset/cabs120k08/increment_25K.txt,./outputs/cabs120k08/cabs120k08_25_0.06_0.5_0.4_test_out.txt,1,461,5.523677
