type_of_algo,minRF,minCS,maxOR,increment,inpfile,outfile,candidate_old,candidate_new,process_done,delT,DBT
cmine_increment,0.045,0.3,0.2,5,../dataset/synthetic/synthetic_increment_5K.txt,./outputs/synthetic/synthetic_5_0.045_0.3_0.2_test_out.txt,21247,10210,946.07,307.065985313,639.004014687
cmine_increment,0.045,0.3,0.2,10,../dataset/synthetic/synthetic_increment_10K.txt,./outputs/synthetic/synthetic_10_0.045_0.3_0.2_test_out.txt,18884,8929,1184.99,380.425545968,804.564454032
cmine_increment,0.045,0.3,0.2,15,../dataset/synthetic/synthetic_increment_15K.txt,./outputs/synthetic/synthetic_15_0.045_0.3_0.2_test_out.txt,27242,15925,2290.12,844.862070564,1445.25792944
cmine_increment,0.045,0.3,0.2,20,../dataset/synthetic/synthetic_increment_20K.txt,./outputs/synthetic/synthetic_20_0.045_0.3_0.2_test_out.txt,26953,15191,2724.03,981.889230494,1742.14076951
cmine_increment,0.045,0.3,0.2,25,../dataset/synthetic/synthetic_increment_25K.txt,./outputs/synthetic/synthetic_25_0.045_0.3_0.2_test_out.txt,19701,9152,2526.63,801.43200915,1725.19799085
cmine_increment,0.045,0.3,0.2,30,../dataset/synthetic/synthetic_increment_30K.txt,./outputs/synthetic/synthetic_30_0.045_0.3_0.2_test_out.txt,20204,14127,4615.19,1399.12292476,3216.06707524
cmine_increment,0.045,0.3,0.2,35,../dataset/synthetic/synthetic_increment_35K.txt,./outputs/synthetic/synthetic_35_0.045_0.3_0.2_test_out.txt,33374,26046,6315.22,2368.19623224,3947.02376776
cmine_increment,0.045,0.3,0.2,40,../dataset/synthetic/synthetic_increment_40K.txt,./outputs/synthetic/synthetic_40_0.045_0.3_0.2_test_out.txt,33557,26216,7084.16,2807.06068893,4277.09931107
cmine_increment,0.045,0.3,0.2,45,../dataset/synthetic/synthetic_increment_45K.txt,./outputs/synthetic/synthetic_45_0.045_0.3_0.2_test_out.txt,21019,15096,6934.88,2698.76639844,4236.11360156
cmine_increment,0.045,0.3,0.2,50,../dataset/synthetic/synthetic_increment_50K.txt,./outputs/synthetic/synthetic_50_0.045_0.3_0.2_test_out.txt,20415,14702,7472.83,3128.55729874,4344.27270126
