type_of_algo,minRF,minCS,maxOR,increment,inpfile,outfile,candidate_old,candidate_new,process_done,delT,DBT
cmine_increment,0.035,0.5,0.4,20,../dataset/cabs120k08/Increment_20K.txt,./outputs/cabs120k08/cabs120k08_20_0.035_0.5_0.4_test_out.txt,92,895,58.666777,5.46843311447,53.1983438855
cmine_increment,0.035,0.5,0.4,40,../dataset/cabs120k08/Increment_40K.txt,./outputs/cabs120k08/cabs120k08_40_0.035_0.5_0.4_test_out.txt,47,926,107.031644,5.17007941212,101.861564588
cmine_increment,0.035,0.5,0.4,60,../dataset/cabs120k08/Increment_60K.txt,./outputs/cabs120k08/cabs120k08_60_0.035_0.5_0.4_test_out.txt,53,946,158.10666600000002,8.38804133933,149.718624661
cmine_increment,0.035,0.5,0.4,80,../dataset/cabs120k08/Increment_80K.txt,./outputs/cabs120k08/cabs120k08_80_0.035_0.5_0.4_test_out.txt,115,997,209.814044,21.6983948381,188.115649162
cmine_increment,0.035,0.5,0.4,100,../dataset/cabs120k08/Increment_100K.txt,./outputs/cabs120k08/cabs120k08_100_0.035_0.5_0.4_test_out.txt,9741,10662,985.9520699999999,430.722889471,555.229180529
cmine_increment,0.035,0.5,0.4,120,../dataset/cabs120k08/Increment_120K.txt,./outputs/cabs120k08/cabs120k08_120_0.035_0.5_0.4_test_out.txt,173,1060,314.38308300000006,44.1105217834,270.272561217
cmine_increment,0.035,0.5,0.4,140,../dataset/cabs120k08/Increment_140K.txt,./outputs/cabs120k08/cabs120k08_140_0.035_0.5_0.4_test_out.txt,9497,10407,1172.149362,509.279666946,662.869695054
cmine_increment,0.035,0.5,0.4,160,../dataset/cabs120k08/Increment_160K.txt,./outputs/cabs120k08/cabs120k08_160_0.035_0.5_0.4_test_out.txt,9570,10488,1276.684195,559.126919242,717.557275758
cmine_increment,0.035,0.5,0.4,180,../dataset/cabs120k08/Increment_180K.txt,./outputs/cabs120k08/cabs120k08_180_0.035_0.5_0.4_test_out.txt,9532,10462,1366.825771,601.624649854,765.201121146
cmine_increment,0.035,0.5,0.4,200,../dataset/cabs120k08/Increment_200K.txt,./outputs/cabs120k08/cabs120k08_200_0.035_0.5_0.4_test_out.txt,9510,10444,1458.697861,645.209815482,813.488045518
