type_of_algo,minRF,minCS,maxOR,increment,inpfile,outfile,candidate_old,candidate_new,process_done,delT,DBT
cmine_increment,0.065,0.5,0.6,25,../dataset/bmspos/Increment_25K.txt,./outputs/bmspos/bmspos_25_0.065_0.5_0.6_test_out.txt,1912,3758,268.53426299999998,90.5533528846,177.980910115
cmine_increment,0.065,0.5,0.6,50,../dataset/bmspos/Increment_50K.txt,./outputs/bmspos/bmspos_50_0.065_0.5_0.6_test_out.txt,7896,9586,798.536539,360.670661935,437.865877065
cmine_increment,0.065,0.5,0.6,75,../dataset/bmspos/Increment_75K.txt,./outputs/bmspos/bmspos_75_0.065_0.5_0.6_test_out.txt,6031,7434,675.688574,302.642242094,373.046331906
cmine_increment,0.065,0.5,0.6,100,../dataset/bmspos/Increment_100K.txt,./outputs/bmspos/bmspos_100_0.065_0.5_0.6_test_out.txt,6563,8110,793.2648360000001,354.814769894,438.450066106
cmine_increment,0.065,0.5,0.6,125,../dataset/bmspos/Increment_125K.txt,./outputs/bmspos/bmspos_125_0.065_0.5_0.6_test_out.txt,5866,7819,775.441243,332.388624877,443.052618123
cmine_increment,0.065,0.5,0.6,150,../dataset/bmspos/Increment_150K.txt,./outputs/bmspos/bmspos_150_0.065_0.5_0.6_test_out.txt,6772,10313,1113.5252189999999,441.369200063,672.156018937
cmine_increment,0.065,0.5,0.6,175,../dataset/bmspos/Increment_175K.txt,./outputs/bmspos/bmspos_175_0.065_0.5_0.6_test_out.txt,6058,9588,1121.2533819999999,434.139907207,687.113474793
cmine_increment,0.065,0.5,0.6,200,../dataset/bmspos/Increment_200K.txt,./outputs/bmspos/bmspos_200_0.065_0.5_0.6_test_out.txt,6019,9324,1188.1188920000002,466.09448028,722.02441172
cmine_increment,0.065,0.5,0.6,225,../dataset/bmspos/Increment_225K.txt,./outputs/bmspos/bmspos_225_0.065_0.5_0.6_test_out.txt,5980,9281,1274.735388,499.503153152,775.232234848
cmine_increment,0.065,0.5,0.6,250,../dataset/bmspos/Increment_250K.txt,./outputs/bmspos/bmspos_250_0.065_0.5_0.6_test_out.txt,5781,8970,1324.778503,519.188158488,805.590344512
