type_of_algo,minRF,minCS,maxOR,increment,inpfile,outfile,candidate_old,candidate_new,process_done
cmine_increment,0.045,0.3,0.2,5,../dataset/synthetic/synthetic_increment_5K.txt,./outputs/synthetic/synthetic_5_0.045_0.3_0.2_test_out.txt,31457,10210,946.07
cmine_increment,0.045,0.3,0.2,10,../dataset/synthetic/synthetic_increment_10K.txt,./outputs/synthetic/synthetic_10_0.045_0.3_0.2_test_out.txt,27813,8929,1184.99
cmine_increment,0.045,0.3,0.2,15,../dataset/synthetic/synthetic_increment_15K.txt,./outputs/synthetic/synthetic_15_0.045_0.3_0.2_test_out.txt,43167,15925,2290.12
cmine_increment,0.045,0.3,0.2,20,../dataset/synthetic/synthetic_increment_20K.txt,./outputs/synthetic/synthetic_20_0.045_0.3_0.2_test_out.txt,42144,15191,2724.03
cmine_increment,0.045,0.3,0.2,25,../dataset/synthetic/synthetic_increment_25K.txt,./outputs/synthetic/synthetic_25_0.045_0.3_0.2_test_out.txt,28853,9152,2526.63
cmine_increment,0.045,0.3,0.2,30,../dataset/synthetic/synthetic_increment_30K.txt,./outputs/synthetic/synthetic_30_0.045_0.3_0.2_test_out.txt,34331,14127,4615.19
cmine_increment,0.045,0.3,0.2,35,../dataset/synthetic/synthetic_increment_35K.txt,./outputs/synthetic/synthetic_35_0.045_0.3_0.2_test_out.txt,59420,26046,6315.22
cmine_increment,0.045,0.3,0.2,40,../dataset/synthetic/synthetic_increment_40K.txt,./outputs/synthetic/synthetic_40_0.045_0.3_0.2_test_out.txt,59773,26216,7084.16
cmine_increment,0.045,0.3,0.2,45,../dataset/synthetic/synthetic_increment_45K.txt,./outputs/synthetic/synthetic_45_0.045_0.3_0.2_test_out.txt,36115,15096,6934.88
cmine_increment,0.045,0.3,0.2,50,../dataset/synthetic/synthetic_increment_50K.txt,./outputs/synthetic/synthetic_50_0.045_0.3_0.2_test_out.txt,35117,14702,7472.83

cmine_increment,0.045,0.3,0.05,25,../dataset/synthetic/synthetic_increment_25K.txt,./outputs/synthetic/synthetic_25_0.045_0.3_0.05_test_out.txt,19,1034,3.556422
cmine_increment,0.045,0.3,0.1,25,../dataset/synthetic/synthetic_increment_25K.txt,./outputs/synthetic/synthetic_25_0.045_0.3_0.1_test_out.txt,96,1408,6.689143
cmine_increment,0.045,0.3,0.15,25,../dataset/synthetic/synthetic_increment_25K.txt,./outputs/synthetic/synthetic_25_0.045_0.3_0.15_test_out.txt,293,2142,16.063748
cmine_increment,0.045,0.3,0.2,25,../dataset/synthetic/synthetic_increment_25K.txt,./outputs/synthetic/synthetic_25_0.045_0.3_0.2_test_out.txt,801,3477,38.219005
cmine_increment,0.045,0.3,0.25,25,../dataset/synthetic/synthetic_increment_25K.txt,./outputs/synthetic/synthetic_25_0.045_0.3_0.25_test_out.txt,1572,5346,82.760391
cmine_increment,0.045,0.3,0.3,25,../dataset/synthetic/synthetic_increment_25K.txt,./outputs/synthetic/synthetic_25_0.045_0.3_0.3_test_out.txt,2707,7566,159.250607

cmine_increment,0.045,0.3,0.2,25,../dataset/synthetic/synthetic_increment_25K.txt,./outputs/synthetic/synthetic_25_0.045_0.3_0.2_test_out.txt,801,3477,37.991609
cmine_increment,0.0475,0.3,0.2,25,../dataset/synthetic/synthetic_increment_25K.txt,./outputs/synthetic/synthetic_25_0.0475_0.3_0.2_test_out.txt,496,1664,13.071919
cmine_increment,0.05,0.3,0.2,25,../dataset/synthetic/synthetic_increment_25K.txt,./outputs/synthetic/synthetic_25_0.05_0.3_0.2_test_out.txt,855,1761,12.572677
cmine_increment,0.0525,0.3,0.2,25,../dataset/synthetic/synthetic_increment_25K.txt,./outputs/synthetic/synthetic_25_0.0525_0.3_0.2_test_out.txt,15,905,2.5063000000000004
cmine_increment,0.055,0.3,0.2,25,../dataset/synthetic/synthetic_increment_25K.txt,./outputs/synthetic/synthetic_25_0.055_0.3_0.2_test_out.txt,14,878,1.905819
cmine_increment,0.0575,0.3,0.2,25,../dataset/synthetic/synthetic_increment_25K.txt,./outputs/synthetic/synthetic_25_0.0575_0.3_0.2_test_out.txt,14,878,1.833029
