type_of_algo,minRF,minCS,maxOR,inpfile_old,inpfile_new,outfile,additional_first_scan,additional_second_scan,chk_old,chk_new,common_patterns,data_read,process_done
cmine_increment,0.045,0.3,0.2,25,../dataset/synthetic/synthetic_increment_25K.txt,./outputs/synthetic/synthetic_25_0.045_0.3_0.2_test_out.txt,801,3477,2526.63
cmine_increment,0.0475,0.3,0.2,25,../dataset/synthetic/synthetic_increment_25K.txt,./outputs/synthetic/synthetic_25_0.0475_0.3_0.2_test_out.txt,496,1664,1126.63
cmine_increment,0.05,0.3,0.2,25,../dataset/synthetic/synthetic_increment_25K.txt,./outputs/synthetic/synthetic_25_0.05_0.3_0.2_test_out.txt,855,1761,526.63
cmine_increment,0.0525,0.3,0.2,25,../dataset/synthetic/synthetic_increment_25K.txt,./outputs/synthetic/synthetic_25_0.0525_0.3_0.2_test_out.txt,15,905,50
cmine_increment,0.055,0.3,0.2,25,../dataset/synthetic/synthetic_increment_25K.txt,./outputs/synthetic/synthetic_25_0.055_0.3_0.2_test_out.txt,14,878,1
cmine_increment,0.0575,0.3,0.2,25,../dataset/synthetic/synthetic_increment_25K.txt,./outputs/synthetic/synthetic_25_0.0575_0.3_0.2_test_out.txt,14,878,1
