type_of_algo,minRF,minCS,maxOR,inpfile,outfile,data_read,patterns_checked,process_done
cmine,0.045,0.3,0.2,./../dataset/synthetic/synthetic_75K.txt,././outputs/synthetic/synthetic_0.045_0.3_0.2_synthetic_75K.txt,0.205114,6261,6199.58
cmine,0.0475,0.3,0.2,./../dataset/synthetic/synthetic_75K.txt,././outputs/synthetic/synthetic_0.0475_0.3_0.2_synthetic_75K.txt,0.209446,1807,2599.58
cmine,0.05,0.3,0.2,./../dataset/synthetic/synthetic_75K.txt,././outputs/synthetic/synthetic_0.05_0.3_0.2_synthetic_75K.txt,0.205978,1188,1499.58
cmine,0.0525,0.3,0.2,./../dataset/synthetic/synthetic_75K.txt,././outputs/synthetic/synthetic_0.0525_0.3_0.2_synthetic_75K.txt,0.205564,169,100
cmine,0.055,0.3,0.2,./../dataset/synthetic/synthetic_75K.txt,././outputs/synthetic/synthetic_0.055_0.3_0.2_synthetic_75K.txt,0.208259,50,1
cmine,0.0575,0.3,0.2,./../dataset/synthetic/synthetic_75K.txt,././outputs/synthetic/synthetic_0.0575_0.3_0.2_synthetic_75K.txt,0.206815,50,1
