type_of_algo,minRF,minCS,maxOR,inpfile,outfile,data_read,patterns_checked,process_done
cmine,0.065,0.5,0.6,./../dataset/bmspos/bmspos_275K.txt,././outputs/bmspos/bmspos_0.065_0.5_0.6_bmspos_final_275K.txt,0.408248,10121,1012.9459350000001
cmine,0.065,0.5,0.6,./../dataset/bmspos/bmspos_300K.txt,././outputs/bmspos/bmspos_0.065_0.5_0.6_bmspos_final_300K.txt,0.408511,15890,1878.7520009999998
cmine,0.065,0.5,0.6,./../dataset/bmspos/bmspos_325K.txt,././outputs/bmspos/bmspos_0.065_0.5_0.6_bmspos_final_325K.txt,0.462304,12134,1484.8028769999999
cmine,0.065,0.5,0.6,./../dataset/bmspos/bmspos_350K.txt,././outputs/bmspos/bmspos_0.065_0.5_0.6_bmspos_final_350K.txt,0.489028,12054,1572.0855900000001
cmine,0.065,0.5,0.6,./../dataset/bmspos/bmspos_375K.txt,././outputs/bmspos/bmspos_0.065_0.5_0.6_bmspos_final_375K.txt,0.5342450000000001,11445,1588.102005
cmine,0.065,0.5,0.6,./../dataset/bmspos/bmspos_400K.txt,././outputs/bmspos/bmspos_0.065_0.5_0.6_bmspos_final_400K.txt,0.5375329999999999,15462,2379.3621860000003
cmine,0.065,0.5,0.6,./../dataset/bmspos/bmspos_425K.txt,././outputs/bmspos/bmspos_0.065_0.5_0.6_bmspos_final_425K.txt,0.6008819999999999,14553,2376.644954
cmine,0.065,0.5,0.6,./../dataset/bmspos/bmspos_450K.txt,././outputs/bmspos/bmspos_0.065_0.5_0.6_bmspos_final_450K.txt,0.639168,14174,2425.245199
cmine,0.065,0.5,0.6,./../dataset/bmspos/bmspos_475K.txt,././outputs/bmspos/bmspos_0.065_0.5_0.6_bmspos_final_475K.txt,0.651788,14112,2551.107778
cmine,0.065,0.5,0.6,./../dataset/bmspos/bmspos_500K.txt,././outputs/bmspos/bmspos_0.065_0.5_0.6_bmspos_final_500K.txt,0.691422,13776,2601.908595

cmine,0.065,0.5,0.1,./../dataset/bmspos/bmspos_350K.txt,././outputs/bmspos/bmspos_0.065_0.5_0.1_bmspos_final_350K.txt,0.46348300000000003,1656,14.065273999999999
cmine,0.065,0.5,0.2,./../dataset/bmspos/bmspos_350K.txt,././outputs/bmspos/bmspos_0.065_0.5_0.2_bmspos_final_350K.txt,0.465695,1774,28.330903000000003
cmine,0.065,0.5,0.3,./../dataset/bmspos/bmspos_350K.txt,././outputs/bmspos/bmspos_0.065_0.5_0.3_bmspos_final_350K.txt,0.459483,2060,63.770700000000005
cmine,0.065,0.5,0.4,./../dataset/bmspos/bmspos_350K.txt,././outputs/bmspos/bmspos_0.065_0.5_0.4_bmspos_final_350K.txt,0.46498,2947,182.389134
cmine,0.065,0.5,0.5,./../dataset/bmspos/bmspos_350K.txt,././outputs/bmspos/bmspos_0.065_0.5_0.5_bmspos_final_350K.txt,0.467826,5346,529.83263
cmine,0.065,0.5,0.6,./../dataset/bmspos/bmspos_350K.txt,././outputs/bmspos/bmspos_0.065_0.5_0.6_bmspos_final_350K.txt,0.462969,12054,1578.601514
cmine,0.065,0.5,0.7,./../dataset/bmspos/bmspos_350K.txt,././outputs/bmspos/bmspos_0.065_0.5_0.7_bmspos_final_350K.txt,0.464277,25800,3854.834585
cmine,0.065,0.5,0.8,./../dataset/bmspos/bmspos_350K.txt,././outputs/bmspos/bmspos_0.065_0.5_0.8_bmspos_final_350K.txt,0.463753,41969,6662.683913
cmine,0.065,0.5,0.9,./../dataset/bmspos/bmspos_350K.txt,././outputs/bmspos/bmspos_0.065_0.5_0.9_bmspos_final_350K.txt,0.46589,82115,12516.179648

cmine,0.065,0.5,0.6,./../dataset/bmspos/bmspos_350K.txt,././outputs/bmspos/bmspos_0.065_0.5_0.6_bmspos_final_350K.txt,0.46818499999999996,12054,1572.951274
cmine,0.07,0.5,0.6,./../dataset/bmspos/bmspos_350K.txt,././outputs/bmspos/bmspos_0.07_0.5_0.6_bmspos_final_350K.txt,0.471807,5374,539.704755
cmine,0.075,0.5,0.6,./../dataset/bmspos/bmspos_350K.txt,././outputs/bmspos/bmspos_0.075_0.5_0.6_bmspos_final_350K.txt,0.462029,2076,71.93423899999999
cmine,0.08,0.5,0.6,./../dataset/bmspos/bmspos_350K.txt,././outputs/bmspos/bmspos_0.08_0.5_0.6_bmspos_final_350K.txt,0.45959900000000004,1822,38.417935
cmine,0.085,0.5,0.6,./../dataset/bmspos/bmspos_350K.txt,././outputs/bmspos/bmspos_0.085_0.5_0.6_bmspos_final_350K.txt,0.461628,1822,38.509962
cmine,0.09,0.5,0.6,./../dataset/bmspos/bmspos_350K.txt,././outputs/bmspos/bmspos_0.09_0.5_0.6_bmspos_final_350K.txt,0.46067400000000003,1691,22.382563
cmine,0.095,0.5,0.6,./../dataset/bmspos/bmspos_350K.txt,././outputs/bmspos/bmspos_0.095_0.5_0.6_bmspos_final_350K.txt,0.469795,1691,22.041984
