type_of_algo,minRF,minCS,maxOR,inpfile,outfile,data_read,patterns_checked,process_done
cmine,0.035,0.5,0.4,./../dataset/cabs120k08/cabs120k08_220K.txt,././outputs/cabs120k08/cabs120k08_0.035_0.5_0.4_cabs120k08_final_220K.txt,0.158925,11283,834.1868119999999
cmine,0.035,0.5,0.4,./../dataset/cabs120k08/cabs120k08_240K.txt,././outputs/cabs120k08/cabs120k08_0.035_0.5_0.4_cabs120k08_final_240K.txt,0.17067100000000002,11252,942.162555
cmine,0.035,0.5,0.4,./../dataset/cabs120k08/cabs120k08_260K.txt,././outputs/cabs120k08/cabs120k08_0.035_0.5_0.4_cabs120k08_final_260K.txt,0.209855,11266,979.7209290000001
cmine,0.035,0.5,0.4,./../dataset/cabs120k08/cabs120k08_280K.txt,././outputs/cabs120k08/cabs120k08_0.035_0.5_0.4_cabs120k08_final_280K.txt,0.22614399999999998,11321,1071.0204390000001
cmine,0.035,0.5,0.4,./../dataset/cabs120k08/cabs120k08_300K.txt,././outputs/cabs120k08/cabs120k08_0.035_0.5_0.4_cabs120k08_final_300K.txt,0.21214799999999998,20778,2212.6473069999997
cmine,0.035,0.5,0.4,./../dataset/cabs120k08/cabs120k08_320K.txt,././outputs/cabs120k08/cabs120k08_0.035_0.5_0.4_cabs120k08_final_320K.txt,0.231941,11378,1248.407658
cmine,0.035,0.5,0.4,./../dataset/cabs120k08/cabs120k08_340K.txt,././outputs/cabs120k08/cabs120k08_0.035_0.5_0.4_cabs120k08_final_340K.txt,0.24337,20710,2517.151715
cmine,0.035,0.5,0.4,./../dataset/cabs120k08/cabs120k08_360K.txt,././outputs/cabs120k08/cabs120k08_0.035_0.5_0.4_cabs120k08_final_360K.txt,0.253743,20797,2662.745384
cmine,0.035,0.5,0.4,./../dataset/cabs120k08/cabs120k08_380K.txt,././outputs/cabs120k08/cabs120k08_0.035_0.5_0.4_cabs120k08_final_380K.txt,0.295824,20769,2797.967564
cmine,0.035,0.5,0.4,./../dataset/cabs120k08/cabs120k08_400K.txt,././outputs/cabs120k08/cabs120k08_0.035_0.5_0.4_cabs120k08_final_400K.txt,0.28819399999999995,20731,2981.8061860000003

cmine,0.035,0.5,0.05,./../dataset/cabs120k08/cabs120k08_260K.txt,././outputs/cabs120k08/cabs120k08_0.035_0.5_0.05_cabs120k08_final_260K.txt,0.18273399999999998,683,8.021689
cmine,0.035,0.5,0.1,./../dataset/cabs120k08/cabs120k08_260K.txt,././outputs/cabs120k08/cabs120k08_0.035_0.5_0.1_cabs120k08_final_260K.txt,0.186571,957,27.378715
cmine,0.035,0.5,0.15,./../dataset/cabs120k08/cabs120k08_260K.txt,././outputs/cabs120k08/cabs120k08_0.035_0.5_0.15_cabs120k08_final_260K.txt,0.185683,1554,73.26663400000001
cmine,0.035,0.5,0.2,./../dataset/cabs120k08/cabs120k08_260K.txt,././outputs/cabs120k08/cabs120k08_0.035_0.5_0.2_cabs120k08_final_260K.txt,0.183703,2611,161.55792
cmine,0.035,0.5,0.25,./../dataset/cabs120k08/cabs120k08_260K.txt,././outputs/cabs120k08/cabs120k08_0.035_0.5_0.25_cabs120k08_final_260K.txt,0.184883,4314,314.806671
cmine,0.035,0.5,0.3,./../dataset/cabs120k08/cabs120k08_260K.txt,././outputs/cabs120k08/cabs120k08_0.035_0.5_0.3_cabs120k08_final_260K.txt,0.18722799999999998,6416,527.597872
cmine,0.035,0.5,0.35,./../dataset/cabs120k08/cabs120k08_260K.txt,././outputs/cabs120k08/cabs120k08_0.035_0.5_0.35_cabs120k08_final_260K.txt,0.18118099999999998,8782,738.876705
cmine,0.035,0.5,0.4,./../dataset/cabs120k08/cabs120k08_260K.txt,././outputs/cabs120k08/cabs120k08_0.035_0.5_0.4_cabs120k08_final_260K.txt,0.18226499999999998,11266,975.6846449999999
cmine,0.035,0.5,0.45,./../dataset/cabs120k08/cabs120k08_260K.txt,././outputs/cabs120k08/cabs120k08_0.035_0.5_0.45_cabs120k08_final_260K.txt,0.183851,13598,1224.754104
cmine,0.035,0.5,0.5,./../dataset/cabs120k08/cabs120k08_260K.txt,././outputs/cabs120k08/cabs120k08_0.035_0.5_0.5_cabs120k08_final_260K.txt,0.185161,15410,1404.806009

cmine,0.035,0.5,0.4,./../dataset/cabs120k08/cabs120k08_260K.txt,././outputs/cabs120k08/cabs120k08_0.035_0.5_0.4_cabs120k08_final_260K.txt,0.18556299999999998,11266,982.79806
cmine,0.04,0.5,0.4,./../dataset/cabs120k08/cabs120k08_260K.txt,././outputs/cabs120k08/cabs120k08_0.04_0.5_0.4_cabs120k08_final_260K.txt,0.1832,6132,489.365192
cmine,0.045,0.5,0.4,./../dataset/cabs120k08/cabs120k08_260K.txt,././outputs/cabs120k08/cabs120k08_0.045_0.5_0.4_cabs120k08_final_260K.txt,0.187227,1432,71.035324
cmine,0.05,0.5,0.4,./../dataset/cabs120k08/cabs120k08_260K.txt,././outputs/cabs120k08/cabs120k08_0.05_0.5_0.4_cabs120k08_final_260K.txt,0.183869,1432,70.545507
cmine,0.055,0.5,0.4,./../dataset/cabs120k08/cabs120k08_260K.txt,././outputs/cabs120k08/cabs120k08_0.055_0.5_0.4_cabs120k08_final_260K.txt,0.18294100000000002,780,17.754587
cmine,0.06,0.5,0.4,./../dataset/cabs120k08/cabs120k08_260K.txt,././outputs/cabs120k08/cabs120k08_0.06_0.5_0.4_cabs120k08_final_260K.txt,0.18529800000000002,670,9.169868000000001
